model_name,accuracy,precision,recall,f1_score,roc_auc,log_loss,brier_score,train_time_seconds,inference_time_ms_per_100,complexity,composite_score
Random Forest,0.8066666666666666,0.7849462365591398,0.6576576576576577,0.7156862745098039,0.839744506411173,0.4374564390181113,0.14392859066169045,2.167869299883023,143.5137998778373,Medium,0.882041
1D-CNN,0.79,0.7181818181818181,0.7117117117117117,0.7149321266968326,0.8419371752705086,0.4592819634467286,0.15320666134357452,5.8925858999136835,486.2140000332147,High,0.861068
Logistic Regression,0.7833333333333333,0.7129629629629629,0.6936936936936937,0.7031963470319634,0.831593498260165,0.4671562757621312,0.15590079442806062,0.21679340000264347,36.828099982813,Low,0.836771
KNN,0.7633333333333333,0.6538461538461539,0.7657657657657657,0.7053941908713693,0.8509223509223509,0.5604644960284926,0.15506906651768385,0.18361950013786554,1676.0894001927227,Medium,0.830238
MLP,0.78,0.7184466019417476,0.6666666666666666,0.6915887850467289,0.8350731684065017,0.5290497301413254,0.16355282602491228,12.017950600013137,37.61230013333261,High,0.790079
SVM,0.7733333333333333,0.7047619047619048,0.6666666666666666,0.6851851851851852,0.8224414891081558,0.5015190436573769,0.15970731987089093,1.1101386998780072,56.60539981909096,High,0.777867
Decision Tree,0.7533333333333333,0.6608695652173913,0.6846846846846847,0.672566371681416,0.7872396205729539,1.2363926155595721,0.18891765883184625,0.19290890009142458,29.70340009778738,Low,0.688486
Naive Bayes,0.49333333333333335,0.4189723320158103,0.954954954954955,0.5824175824175825,0.6368511368511368,6.034682751465317,0.4994351986335448,0.19423789996653795,34.10420008003712,Low,0.149902
