model_name,accuracy,precision,recall,f1_score,roc_auc,log_loss,brier_score,train_time_seconds,inference_time_ms_per_100,complexity
KNN,0.7633333333333333,0.6538461538461539,0.7657657657657657,0.7053941908713693,0.8509223509223509,0.5604644960284926,0.15506906651768385,0.15598989999853075,1585.8870998490602,Medium
Random Forest,0.8066666666666666,0.7849462365591398,0.6576576576576577,0.7156862745098039,0.839744506411173,0.4374564390181113,0.14392859066169045,1.3716479998547584,132.5470998417586,Medium
MLP,0.78,0.7184466019417476,0.6666666666666666,0.6915887850467289,0.8350731684065017,0.5290497301413254,0.16355282602491228,4.028076200047508,30.235499842092395,High
Logistic Regression,0.7833333333333333,0.7129629629629629,0.6936936936936937,0.7031963470319634,0.831593498260165,0.4671562757621312,0.15590079442806062,0.19114589993841946,30.204900074750185,Low
SVM,0.7733333333333333,0.7047619047619048,0.6666666666666666,0.6851851851851852,0.8224414891081558,0.5015190436573769,0.15970731987089093,0.796763600083068,45.48390000127256,High
Decision Tree,0.7533333333333333,0.6608695652173913,0.6846846846846847,0.672566371681416,0.7872396205729539,1.2363926155595721,0.18891765883184625,0.19804159994237125,33.9480999391526,Low
Naive Bayes,0.49333333333333335,0.4189723320158103,0.954954954954955,0.5824175824175825,0.6368511368511368,6.034682751465317,0.4994351986335448,0.16190110007300973,29.877099907025695,Low
