model_name,accuracy,precision,recall,f1_score,roc_auc,log_loss,brier_score,train_time_seconds,inference_time_ms_per_100,complexity
XGBoost (Bootstrap),0.8238964737415194,0.827313769751693,0.6629734313171283,0.7360823448189293,0.8867286618017711,0.38534289060039745,0.12526850402355194,50.284033300122246,44.26150000654161,High
